<?xml version="1.0" encoding="UTF-8"?>
<!DOCTYPE hibernate-configuration PUBLIC "-//Hibernate/Hibernate Configuration DTD 3.0//EN" "http://hibernate.sourceforge.net/hibernate-configuration-3.0.dtd">
<hibernate-configuration>
  <session-factory>
    <property name="hibernate.dialect">org.hibernate.dialect.Oracle8iDialect</property>
    <property name="hibernate.connection.driver_class">oracle.jdbc.OracleDriver</property>
    <property name="hibernate.hbm2ddl.auto">update</property>
     <property name="connection.url">jdbc:oracle:thin:@localhost:1521:xe</property>
	<property name="connection.username">system</property>
	<property name="connection.password">root</property>
    <!-- fill your code here-->
    <mapping resource="User.hbm.xml"/>
  </session-factory>
</hibernate-configuration>