<?xml version="1.0"?>
<!DOCTYPE hibernate-mapping PUBLIC "-//Hibernate/Hibernate Mapping DTD 3.0//EN"
"http://hibernate.sourceforge.net/hibernate-mapping-3.0.dtd">

<hibernate-mapping>  
<class name="User" table="users">
<id name="userId" column="userId">
<generator class="assigned"></generator>
</id>
<property name="name" column="name"></property>
<property name="password" column="password"></property>
<property name="phoneNumber" column="phoneNumber"></property>
</class>

</hibernate-mapping>  